링(권역),공원 수(개),권역 면적(㎢),공원 밀도(개/㎢),공원 면적 합(㎡),공원 면적률(%),포함 공원
0-1km,0,3.142,0.000,0,0.00,
1-2km,1,9.425,0.106,254648,2.70,도곡근린공원
2-3km,1,15.708,0.064,258991,1.65,매헌시민의숲
3-4km,5,21.991,0.227,4213258,19.16,"봉은공원, 도산근린공원, 문화예술공원, 우면산도시자연공원, 청담근린공원"
4-5km,5,28.274,0.177,3812924,13.49,"구룡산도시자연공원, 아시아근린공원, 국립서울현충원, 용산가족공원, 삼일근린공원"

중심,강남역 37.4972N 127.0279E
자료,"서울 열린데이터광장 「서울시 주요 공원현황」(2026 상반기), 서울특별시"
조회일,2026-09-20
집계 방법,공원 대표 좌표와 중심점 사이 하버사인 거리로 링 배정 · 권역 면적 π(r2²-r1²)로 나눔 · 면적률은 공원 전체 면적을 해당 링에 귀속한 상한값
제외,답십리근린공원 1건 — 주소(동대문구)와 좌표 불일치
